File Name,File Size(KiloBytes)
f8f763950143534666876e5bba5d70ba.jpg, 22.37Kb
7660c667fbac983bd249bc1f2cc1ba52.jpg, 20.96Kb
19f8d03188a0758b55a1a0e53a452997.jpg, 18.13Kb
8b2345eca5b63ff053eafb77ff807f4e.jpg, 16.23Kb
6b103374009d84a60cdbaac7937fcac8.jpg, 15.58Kb
f6bca4a2b50a323765d06f07899309c9.jpg, 14.94Kb
c69069b818eb2b8cc350dc9d0c7186f6.jpg, 14.75Kb
1c3a81b4c1bc135f1fa516c21c7be8af.jpg, 14.30Kb
707eef45375848eadca124cdfcef38c5.jpg, 14.10Kb
fc39e55170a833cba9332e4dc6cde86d.jpg, 13.33Kb
80afd00f5f48d32611810d5747d9c123.jpg, 13.07Kb
cd397d09e18127471d63f73a67db2f87.jpg, 12.28Kb
527def9e0d980be53bc7a22e4ca59688.jpg, 12.21Kb
6bc947a70b3598a750a46c00b1b35a52.jpg, 11.42Kb
7ff77a1f78d69017a0bb51bbec8026e4.jpg, 11.13Kb
62c9dc4d3442c87f5c4dafc4330a50ce.jpg, 10.09Kb
7b380f774d5d7673c09c3257db6f4d1f.jpg, 9.98Kb
b91ed51510e84436a715468f7627be34.jpg, 9.78Kb
e96d3a53a9bd2faa3d06e7da35390a9b.jpg, 9.71Kb
fcf4d9d94d9c5cd2fee738f4645b7664.jpg, 9.20Kb
c61ac4f36f83a5cca15826df58d30760.jpg, 9.17Kb
e0425385879230cc2f0ce5aab707c3b4.jpg, 9.09Kb
e3d2086e87553c10b02706f1c4b50c7a.jpg, 9.07Kb
27552d77d850693c2ee65df264db0ea6.jpg, 9.02Kb
2764fe06b09207c1ebb85e9d01561176.jpg, 8.15Kb
c125e50a7c16d1436abb760635fc2d6e.jpg, 8.05Kb
a4b0217b4bb7f68b3f1f1508b9c4d8ee.jpg, 7.91Kb
34e0828fd770655989a78878705c821f.jpg, 7.90Kb
fe1d273e9d8a02f9b3cc78fedaced0a4.jpg, 7.57Kb
3a5d38e10087dccdedeabed831653eb2.jpg, 7.54Kb
b64e7ceb063c3f49293d256fda50c23a.jpg, 7.23Kb
5e571e2232fb9e81e4469f1a1cda8ddd.jpg, 6.88Kb
f777f97044f2efcaf4e54a8e58eea18e.jpg, 6.73Kb
47cd76fb999543393f5bfb02cc67c01c.jpg, 6.60Kb
4e827d7f87f098b6b179b13eba9a90eb.jpg, 6.56Kb
397f737231b5d07784dafa1bc0913bd2.jpg, 6.53Kb
6afc405396496924b0653bd5625de3a3.jpg, 6.45Kb
1d75a38f689c805c62ca45daf017883f.jpg, 6.36Kb
f392ee19f6fff051ab6e592437d18dbd.jpg, 6.25Kb
d00693a5030b28f605174846f5d1d89f.jpg, 6.25Kb
0651e5944c51b14164e3081fbe4f049f.jpg, 6.23Kb
b87f47a1c4d99629d5b54f66de0718d8.jpg, 6.19Kb
63babcf4d0d09013aae2c4f8e34156a8.jpg, 6.18Kb
7c648601928a35411e9336fbec01a7df.jpg, 6.05Kb
13bed4753a55361473570158a637c630.jpg, 5.94Kb
629abac535407821b307c5b1ecbcb79a.jpg, 5.88Kb
397a43994ea4cb57ff30766cd2a191e0.jpg, 5.55Kb
c8ee1e4f053ac5e15b01abdd3f98fb64.jpg, 5.51Kb
f55c5a0363dd0e0ff34ea0fa7ccbfb95.jpg, 5.25Kb
8ac0d1676b2c55336731b71060d4c547.jpg, 5.21Kb
9924d33c3fd1221c21494ee3b2a0cc08.jpg, 4.86Kb
d28d485471cd96b208cc89cfb7a5614e.jpg, 4.81Kb
e2c93ea55937e28b7608c06aa8c68fd5.jpg, 4.78Kb
dd70b4d1dd9a394d0447d591c0e94d85.jpg, 4.64Kb
46e317bd8aa5b1c6ee1b5d0c72fbc148.jpg, 4.44Kb
dc54d4f1bc49bfa61678e491164aeaf3.jpg, 4.10Kb
12efaab28faef36a02f2a5d550d9c4ba.jpg, 3.74Kb
64265784fd684a6436737faec6ab8f74.jpg, 3.41Kb
2f606a1b56824b31771e886ebb4418e9.jpg, 1.93Kb
Total Size, 517.55Kb